eftsl,perm_res_postcode,usual_resident_population
439.26169966300006,2650,56974
419.30829991999997,4740,80089
372.385349645,4670,79606
360.054811135,0810,33302
355.41186743699996,4870,71009
353.790725455,4305,62549
352.92220000000003,4300,55669
332.556220946,7250,48050
331.752264458,2340,49072
328.9518915349999,2480,44599
320.80306328200004,2350,25339
313.36716666899997,3977,93326
313.1399656660001,3030,100313
304.48463264199995,2800,44993
295.376634964,3029,93950
293.02261263700007,2250,67194
287.73368264500004,2444,46284
285.28966369899996,2450,43894
282.04299709500003,4680,54166
281.42766666399996,2560,76521
279.03775735700003,2170,105451
279.027533983,2795,42550
269.47390734600003,4701,42762
253.816172464,2830,40291
250.92844093800002,4655,59539
248.22999209499997,4053,43986
247.44025663099998,3216,56284
246.876358329,4209,50073
242.790147715,4814,46124
237.702927372,0870,19628
232.322605764,3350,59145
229.723119749,4211,60801
224.61150843899998,2145,79211
222.830968332,4352,28460
221.91239596399996,3064,75457
213.706104107,6112,56554
213.10652166300005,2259,59513
210.587201091,2155,55452
210.13891303900002,4152,44684
209.84306666600003,4503,43651
203.55271720899998,2620,39289
203.406635338,4810,21836
201.046666666,3805,56933
199.72773050400002,4034,44463
198.54406620000003,2615,44177
198.135432989,2640,36343
197.32604166599998,3199,54298
195.82850834500005,3690,33518
193.57813333200002,4500,42401
193.38829166599996,2287,36400
193.33889021700003,4306,35798
192.29655822400002,6210,68316
192.090459409,2500,40510
190.84412569800003,6164,57214
190.06829639699998,3810,47894
189.50375189,6065,61998
188.71375108400005,2148,63071
188.456358696,4207,55215
187.484566664,0820,19447
187.16174313699997,2750,44806
186.39787126999997,4818,28218
185.94040366399997,3550,40339
185.74659858700002,4122,43850
185.07706223,4551,56733
184.87228333199997,2570,40104
184.31848526299999,4051,27531
183.845570856,2261,52754
183.41470760099998,3806,48520
180.684354868,2913,35053
180.46190146600003,4215,50166
177.01250057900003,2602,30450
172.757291662,6530,32455
172.1499,2153,56562
171.94636666399998,2747,42421
171.41594475099998,2430,34018
170.16621709999998,4817,30413
165.338514319,2567,38500
164.305693986,6230,43134
162.600408332,2540,45121
162.075839777,4170,24514
162.00938809500002,4017,36869
160.624999998,4301,28240
160.58375,2460,29216
159.73949999699997,0832,15570
159.216091667,2478,28310
158.02161992599997,3121,30499
156.602110451,4509,30105
154.469500004,3136,44369
153.021131095,4650,33891
152.700582762,4165,36815
152.016445027,2914,25204
150.492545613,3150,60079
150.47301738700003,2099,39925
150.03696333099998,2617,32503
148.953133741,6171,31653
148.888417408,4556,43340
146.847478785,3023,63972
146.746470785,4069,33627
146.351712007,6069,39391
145.56800217299997,4220,31233
145.527676449,2320,34556
145.15104166700002,4226,32243
143.61033330999996,6030,39386
143.194124541,4214,37238
142.50359084599998,2251,32702
142.419918277,7018,21027
141.95764702499997,2611,28018
139.76088333799999,3754,37757
138.780218355,2290,33426
138.680455801,4217,40836
138.068275905,6163,50359
137.89660722600001,4075,23352
137.87809271400002,6155,51244
137.716306359,4510,48304
136.712969321,3280,31569
136.34583333,4218,31864
135.750431628,6330,35869
135.547354203,4006,14530
135.518333334,4101,22861
134.459099996,2285,30714
133.924784781,2580,29224
133.46129986199998,2077,37791
133.03614961,2486,31594
132.954592541,7310,27101
132.82472826100002,0812,18873
131.523244719,7000,13837
131.07543221,4702,28609
130.44608204399998,3056,24473
129.937499997,0830,18207
128.94834779500002,3037,51155
128.805999701,3630,31272
128.243441664,2171,34866
127.908582545,3058,33778
127.30863333199999,2233,29498
127.131199996,5290,25512
127.05682810399998,6027,41677
126.87924969300002,4012,21828
126.176179939,2065,30119
125.395948298,2230,28843
125.29192499999999,2770,61296
123.505555555,5114,33959
123.10552537699999,3429,36297
122.68343767900002,2745,29504
122.56614166400001,2756,33932
121.661068506,3156,37464
121.57870333300001,3175,53297
121.463477712,4700,17437
120.807866666,4055,20561
120.53534231499997,2154,39594
120.39313845299998,6110,40858
119.72101449099999,4703,22530
119.63501666299997,2066,31626
119.62500000899999,3073,50474
118.999285427,6018,38004
118.92346274599998,2031,34726
118.87036537999997,3500,32738
118.748258469,2763,30880
118.29552711800001,4121,25264
118.044135035,2905,28625
117.583399992,4825,19246
117.55788241800002,3195,35869
117.10699999799999,2260,23417
116.89721453199998,6107,43605
116.887441666,4066,16698
116.22820850900001,3070,24561
115.936675012,4216,37435
115.43843333000001,4078,25806
114.715258333,2234,30580
114.45112042600002,6056,39167
114.41972173500001,4005,17876
114.37702338600002,3141,25147
114.1229,4213,29042
113.456033365,3178,33672
113.130778285,3122,23511
112.962399628,3032,29450
111.963541666,2880,18276
111.826539855,4570,42420
110.737801932,3220,16353
110.246510868,4221,26802
110.172399998,2229,28718
109.92340920600002,4035,24209
109.641339373,4868,22063
108.823007245,2232,32870
108.583716664,2289,19117
108.549734015,2530,32019
107.757283886,3072,32851
107.58889913,7008,11981
107.53504130500001,4074,23735
107.48086666600001,5159,32934
106.018083695,2680,23940
104.75896393900001,3000,37975
104.75097500000001,2304,15176
104.09534017899999,2042,19129
103.965872468,4068,23617
103.6875,3337,36454
103.593749994,6430,22746
103.0625,4118,30400
102.956358564,4573,26275
102.55787087800002,3152,33092
102.525,2280,26678
102.24004434599998,2147,36341
101.606113332,2777,17601
101.446770286,3183,18497
101.401616667,2300,10578
101.32208888800001,2035,34490
101.204708696,7050,12405
101.20400000000001,2760,33834
101.157943115,4030,16530
101.05346523200002,6061,38563
100.70286977399999,4560,31710
100.664332609,4812,18804
100.6358,4815,21032
100.361666667,3163,32353
100.223333354,3551,29565
99.852891329,2291,13417
99.152394347,2204,26502
99.13824507199999,4212,28053
99.09374998599999,6280,28166
98.70796527099999,4103,14316
98.5625,5108,40609
98.32513986200001,4869,19010
98.224725,2200,43687
98.04243333200002,2323,25735
97.9687,4227,21687
97.89798913,2026,32490
97.71679999999999,2168,43451
97.3341,3844,28980
97.29492500500001,2529,26025
97.20833329899999,6025,30031
96.837566668,3134,32781
96.792625,2456,14749
96.62573333000002,2257,29010
96.131741666,2612,16184
95.83112058,2440,21819
95.83041666899999,3095,27771
95.80145797,3040,25936
95.118984806,4370,18521
95.078443478,2176,47809
94.79138998499998,2112,32852
94.68898545,2010,27734
94.405199673,3046,34063
94.163888888,3181,20260
93.790057162,2604,10383
93.694580434,4109,37607
93.68366449199999,4031,13588
93.270833332,7320,16238
93.10476666900001,3149,33611
92.88539999999999,4879,19447
92.6466,2452,15120
92.55864000000001,2017,24695
91.957757817,6152,25463
91.85995874500001,2040,22242
91.74804999999999,2761,30952
91.32453333099998,4171,15721
91.09375,2850,17644
90.910980646,6055,21034
90.793700004,3182,23391
90.494166667,5162,34294
90.42739710200001,3174,38461
90.30025,3130,32174
90.25,4077,30758
90.065640096,3196,25327
89.95888833000001,2207,28534
89.900425078,4151,16282
89.859810142,4000,16552
89.81972222099999,3146,25255
89.776425,2011,21196
88.875766664,4208,19965
88.66570257699999,6169,34667
88.38153575,7249,12774
88.13509760699999,2000,27411
88.02968666700002,2076,24648
88.01438402899994,2122,31160
87.69622916200001,4127,26373
87.61548913,2484,18872
87.410201832,3101,24605
87.234375,4178,25208
87.1057,2541,25641
86.240419565,2305,12506
86.122281594,7005,13305
85.923216664,2566,26327
85.88590434599999,2088,28475
85.87654444799999,3082,29710
85.822824635999993,3084,25517
85.629109857,2036,30407
85.354166668,3910,22588
85.028402171,4169,13995
84.6216,4210,19475
84.26039214400001,4064,10837
84.136206847,4019,20106
84.06298667600001,3044,27116
83.89105,2150,31500
83.820383332,4720,14394
83.8125,4405,14485
83.72316195799999,3011,21462
83.18997499999999,2210,30586
83.10419999999999,3020,44783
82.970108674,6028,22440
82.84375,4113,29913
82.81608695700001,3204,30635
82.80185,2046,26822
82.54745,2325,28460
82.53888043399999,2780,13224
82.51905506599999,6062,32670
81.88409626,3228,17939
81.615365639,5095,20525
81.61014167799999,3076,32395
81.52228888900001,3088,26892
81.10292499699999,2137,26507
81.06943333,2759,26332
80.91420000000001,2774,12932
80.888215378,2360,14529
80.818759977,4575,23777
80.803311667,2034,20713
80.678033329,2121,28214
80.661385145,2768,28762
80.41051666799999,3165,27635
80.21423610900001,3875,18625
79.84374999900001,4116,25936
79.6091,2160,35973
79.546206568,4032,15777
79.45744550699999,3145,23295
79.298528955,4011,15180
79.221917459,5118,18411
79.068847827,6167,26444
78.85416665999999,6714,16829
78.1875,5158,24735
77.924939185,2906,17633
77.648814509,3071,18568
77.3125,3024,23849
77.259608456,4504,18573
77.07746413,2196,31815
76.99168242,4811,13142
76.894026712,5085,19974
76.81753441900001,4060,13039
76.778666663,3850,14779
76.644052406,3083,31526
76.5625,3021,54191
76.431744935,4105,13321
76.21875,4020,22043
76.151041667,3028,29201
76.083333323,6233,18844
76.07455739600002,3012,26298
75.990679288,6060,23393
75.747288332,2614,19390
75.593816666,2322,18450
75.574634782,4123,18491
75.4511,4304,17316
75.301466665,2120,20208
74.86461666800001,2641,15070
74.65785,2217,26843
74.54536533800001,3068,18662
74.27083333600001,3752,24060
74.09975845299999,7010,16842
74.04728260899999,4223,13892
73.82954666499997,2100,20911
73.43878985399999,3184,15543
73.4375,4558,19163
73.391775,5606,14128
73.300316666,2519,16929
73.266775,2428,24009
73.174143332,4610,14840
73.009955249,2477,12203
73.00084166700002,2074,22258
72.92386626000001,3031,18531
72.875641065,4132,26215
72.668445511,3127,18445
72.1844,2324,23648
72.17766666700001,2216,28067
72.15945031300001,4124,19672
72.125,4341,14592
72.078522841,6725,10795
72.03125,3802,24298
71.9769,4285,20247
71.882375395,2263,24267
71.78856666600001,2190,25566
71.757880433,3166,23757
71.74995746100001,4061,16692
71.52117862799999,6064,31325
71.471666667,2166,52762
71.4375,2470,15225
71.4375,3138,21967
71.0626,3201,20711
70.976244896,6168,24027
70.9504,2125,16374
70.944671108,3124,22094
70.845108696,4059,13495
70.721625,2767,22530
70.365625107,3219,19715
70.0864,2060,13988
70.064718882,5125,19218
70.005905,2283,23300
69.803554999,5000,15115
69.760766667,2161,31418
69.66160221,7015,10332
69.619791672,3677,18102
69.583333333,4179,19291
69.46518,2282,14777
69.260979554,6101,16551
69.25,4115,19308
69.2414,4054,13620
69.20947458500001,4108,6028
69.18743043399999,4878,13486
68.99610000000001,2151,21306
68.42664991599999,3978,10648
68.24999999799999,4557,18985
68.171875,4157,19035
68.14030000000001,2093,22873
68.05953913,2223,20910
68.054199989,6054,20378
67.93215502000001,2131,23841
67.88020500100001,2550,15858
67.76888925099999,3055,14159
67.765625,2330,20350
67.628399759,3931,23989
67.570745856,4007,12769
67.5507,2753,17134
67.44290000000001,2195,27154
67.40625,4280,16862
67.20465259400001,4506,21810
67.054347826,7009,12453
67.021358791,6076,21948
66.937500004,3976,25530
66.87395658,4070,11613
66.845025,3215,20616
66.61666665000001,6019,21787
66.61603226400001,2114,24057
66.348333333,3038,27262
66.259294444,2117,21285
66.083333318,6031,16624
65.88998101600001,2113,18371
65.8125,2315,14658
65.774808081,2454,7570
65.69405,5540,15343
65.64062500200001,7248,15776
65.546633334,2527,21383
65.516966667,2228,18361
65.499999993,6111,23068
65.375,4128,16506
65.24098681999999,3226,14165
65.236483334,2173,14433
65.03179891,2321,14625
64.9375,3109,28360
64.89030845799999,6059,23486
64.758361592,2518,19067
64.66864209900001,3006,18808
64.656249996,3338,23412
64.48442753399999,2213,21784
64.461325967,5251,14623
64.439799998,2101,19395
63.8125,4164,14694
63.671875,3173,25785
63.570027174,3123,14321
63.541666666,3192,22291
63.3679,3133,22125
63.363621878000004,5043,18780
63.10661188500001,2607,13614
63.10576060099999,3218,13437
63.042950925999996,2205,19447
63.014820142999994,3015,17472
62.826652587000005,2118,24341
62.820226799,0800,6464
62.809352944000004,2902,14900
62.787225,2446,13330
62.02293333400001,2144,37366
61.922588127000004,2487,13436
61.915760858,6151,16576
61.913375,2481,11769
61.754335313000006,2142,26292
61.748641304,7030,17404
61.3858,2594,11672
61.384566666000005,3212,16652
61.324585635,4505,20452
61.284310171,2203,13707
61.192337728,3340,21121
61.143299999999996,4161,16254
61.11458,2606,9422
61.075,3172,23089
61.042433332,2262,20830
61.000944444,3185,12929
60.8168,2165,42444
60.782185713000004,3051,14940
60.75,7315,14658
60.291666654000004,6122,17410
60.25,7011,14696
60.205247101000005,2127,14532
59.990124666,6026,22337
59.9375,4018,12153
59.8692,2533,15627
59.752934118999995,3085,13886
59.471525,3222,14960
59.345833334,3555,19687
59.29625,4120,8936
59.274836955999994,3128,19828
59.208908332,2870,12042
59.187500008,3631,11612
59.182483332000004,2582,12442
59.138586952000004,6148,17814
58.819293478,3930,17888
58.8125,0850,8138
58.765,3214,23964
58.756100000000004,3934,18548
58.701325274,3820,15952
58.5747,4160,18139
58.520833324,6170,12393
58.340526657999995,2904,12863
58.3125,4014,11913
58.301913333,2749,16930
58.291666667,2298,9498
58.217374998000004,2075,20451
58.207799978999994,6036,15796
58.046961326,4455,8486
57.887777174,2220,32487
57.875393892,3013,14965
57.875,4065,9500
57.529791665999994,2380,10392
57.518575360999996,2037,16115
57.4175,2333,13647
57.415276667,5086,16141
57.328500000000005,2141,28675
57.280933334000004,2126,18765
57.166699998,3400,14543
57.164133331,6108,23153
56.990106521,2095,15866
56.759487476000004,2049,11282
56.708333334,3131,22504
56.412699999999994,2086,13414
56.1716,4343,11359
56.028985507,2483,10609
56.010660868,2565,19987
55.877388888,2146,17465
55.812717685,3188,18083
55.801162770999994,3186,23253
55.576688888,5082,14930
55.5284,2299,11207
55.52160000000001,2111,14412
55.505208334,2526,15630
55.499162053,6014,20604
55.455425,2041,15690
55.39468232,3198,16463
55.277759965,3135,19956
55.062499998999996,3153,20554
54.830122006,2603,9359
54.784105012000005,7054,8745
54.771462518999996,2135,25251
54.761242393,2539,17979
54.592183333,2138,20023
54.561118785000005,4114,29064
54.4475,4133,17769
54.436249998,3912,15157
54.388986989,5045,15589
54.334299998000006,4102,7660
54.30285,2021,15313
54.280283332,2156,12942
54.164333334,2067,26403
54.04483333300001,2073,16352
53.986413031,6000,11425
53.792294719,5022,15743
53.77863,4159,14497
53.751775,2528,23774
53.75,3155,22195
53.722875,2096,14657
53.689764491999995,2605,11725
53.623244699,6051,12577
53.619791667,2536,17716
53.526355194999994,5092,17569
53.5,3108,20826
53.457452556,2485,14373
53.4375,7307,10125
53.000575000000005,2577,15414
52.844325000000005,2790,15767
52.83242753300001,4520,13196
52.78125,2630,8691
52.725144844,2107,14669
52.5888,2318,12147
52.583333335,2515,11112
52.572916672999995,3104,20406
52.562496668,3106,16618
52.276041669,3691,9704
52.275815210000005,6008,15144
52.074322905,7004,7481
52.033333331,6010,16825
52.005218322999994,6149,18476
51.906666667,2018,17028
51.875,5115,10390
51.574883977000006,3057,11504
51.5077,2211,16846
51.367451026,3103,15343
51.313942603,2619,9508
51.303333332,7052,7145
51.262967192,5062,14917
51.198068854,3169,20122
51.163897035,2068,16813
51.010799984,6066,18704
50.958333332,3207,16175
50.604166668,2600,7247
50.509524631,2390,8757
50.5,4880,13295
50.272530434000004,3193,19508
50.081439167,4508,19850
49.9696,2020,14772
49.81303333300001,2194,24541
49.73610000000001,2571,11850
49.666666686999996,3556,13085
49.4483,2517,13731
49.410430145,3975,15248
49.156666654,6021,20058
49.02623332900001,6100,14480
49.018783328,6156,16897
48.9691,2765,16106
48.870175,5169,17084
48.8335,3132,16148
48.773149531,6157,13525
48.769039502000005,2576,13431
48.707692908999995,2097,15529
48.624999998,5109,20856
48.59651649199999,2015,9918
48.57760989,3079,15988
48.442679558,5048,14225
48.424166666000005,3939,14524
48.339166663,6153,19865
48.156479176,3162,17448
48.078125,2871,9349
48.015625,2429,9717
48.01113,2089,11918
47.994791663,6173,12073
47.975386326000006,2525,11564
47.9375,3809,7210
47.573985452,3161,15269
47.564033334,2048,7938
47.527291665999996,2227,14626
47.367345764999996,2303,9143
47.354933333,3129,17376
47.181025553,3047,20903
47.1667,3142,12909
47.125,5097,13565
46.963766666000005,5070,14270
46.955233334,2193,15256
46.8125,3825,20281
46.45955039599999,6053,14432
46.458333343999996,3059,15466
46.443600000000004,4311,10599
46.42785,2575,15476
46.423007246,7109,8808
46.199999992,6038,6269
46.179766666,2206,19404
46.119547695,6050,15380
46.104166666,2912,6142
46,2226,12504
45.935791112,2016,13213
45.931826091000005,3065,10445
45.911244444,3053,18535
45.67815568700001,3067,8197
45.666666673,3048,18029
45.398097826,3039,14250
45.257596684999996,5067,10144
45.18228565900001,2256,15598
45.10426666400001,5038,15262
45.083718839,3170,19368
45.015299999999996,2766,15534
44.895833342,3075,22594
44.880208329,4802,9832
44.875,2400,10084
44.874552077,3818,14167
44.84720000000001,2199,18013
44.766666664,3217,6607
44.547833329,2773,6010
44.5209,3936,11024
44.5,5608,13357
44.4236,2019,10838
44.307291676,3564,15944
44.219984836,2038,9451
44.208330001,2463,7545
44.159166664,4073,9138
44.09901087,4163,14801
44.03315918,5087,11378
43.999999998,5011,11712
43.9753,2264,14233
43.886235869000004,2705,10153
43.880641929,5063,12308
43.711364494,3081,13424
43.71059,5066,11718
43.599999996,6172,13777
43.321447866,6020,20791
43.130105555,3224,14187
43.022235233,3160,9014
42.998414849,6450,13397
42.90198057,6162,11023
42.899456521,3004,9307
42.840540332,2050,8963
42.75,5096,13387
42.738184602000004,3089,11733
42.687500011,3078,11638
42.535797899,6102,13688
42.34375,3139,13718
42.251902894,2140,16167
42.234375,2370,7687
42.229281768,5031,9933
42.20910000000001,2281,14274
42.145591783,5041,13391
42.051795580000004,3147,14637
41.71944,3018,12689
41.64081232000001,3054,8428
41.500000008,3066,8513
41.5,4154,10974
41.442151087,2782,6076
41.40433155,2218,16431
41.393485267,5072,12666
41.23059,5023,16572
41.148133334,2132,10612
41.00115,2537,11812
40.921875,3042,15766
40.9103,2033,11570
40.8125,7017,5614
40.70833331600001,6035,8868
40.704790214000006,6009,18534
40.6875,3585,11206
40.638194444,3352,15996
40.625,3187,15998
40.604166664000005,6004,10596
40.560658375,6285,9177
40.5494,3305,12816
40.527472527,3356,16321
40.5,3840,16476
40.454232225,7325,8586
40.445499999999996,2769,11731
40.314276814,3140,16531
40.287800000000004,2090,13724
40.265625,7277,5713
40.167119565,3941,12172
40.076466667000005,2115,10737
40.057744565,5116,9455
40.041666662,6023,15268
39.9537,4567,11016
39.884441304,5211,15276
39.80552485700001,6104,14321
39.804923333,3205,10920
39.776425,2219,13200
39.761566667,5008,13681
39.549191086,3125,15019
39.517497898,4067,10424
39.384516575,4502,8674
39.375,3016,15560
39.375,2558,11114
39.229619565,4037,7973
39.189686929,3450,6834
39.148294413,3060,14043
39.1358,3008,10437
39.11645232,5024,13846
39.090266666,2221,16481
39.083330000000004,3194,12965
39.0163,2224,14213
38.94579833400001,2209,15769
38.943566667,3168,20197
38.875,5253,18489
38.866386664,5044,10875
38.8125,3137,13871
38.75,5051,14074
38.5,3116,9872
38.322852858000005,4390,6878
38.3125,3191,10241
38.205150002,3041,12412
38.125,2489,7353
38.04392115,4380,7907
37.94095,5073,15238
37.9097,2103,10670
37.905015249,0836,7756
37.89660000000001,2164,19624
37.875,7170,5008
37.75,2903,9207
37.61706666600001,2070,13505
37.58333333,4850,10918
37.4375,3171,21714
37.351970529,6006,8744
37.33361,5127,7763
37.25,3197,11548
37.088793136999996,3043,17716
36.817679557000005,2482,6280
36.760799998,5081,9279
36.741666658,6057,16806
36.710685831,2069,14253
36.625000004,3750,9060
36.588733336000004,3074,20523
36.555108563999994,2106,9301
36.554040055,2794,10428
36.546702348,7140,10974
36.398899998000005,2087,12798
36.382476662,6105,14997
36.145523806,2032,16689
35.8935,2030,14079
35.8858,4225,7754
35.81,5107,17097
35.679299437,6016,10035
35.625,2284,10500
35.574310870000005,2158,8575
35.4844,2039,8725
35.474990995,5069,8292
35.41665165,6103,10366
35.381733425,5034,10042
35.31365,2758,8715
35.25,0835,5132
35.24536,2508,8975
35.211591668,2043,8014
35.208333331999995,5113,18890
35.155550000000005,2079,7095
35.14660000000001,2162,18622
35.125958332,2152,11215
35.125,5006,6950
35.03125,2710,10123
35.012001055,2024,11073
34.901233332000004,5700,11136
34.890625,2720,8012
34.8872,4131,10439
34.874999998,2557,8952
34.8586,4564,10591
34.833333332,6058,12690
34.799999994000004,6052,11113
34.770357915000005,5014,11767
34.531249998,6147,15138
34.400955341,4507,18142
34.3773,2564,13924
34.2436,4224,6588
34.166666666,4800,9324
34.124999996,5032,12710
34.080067154000005,3803,10855
34.0625,2337,7891
33.920833331,0822,25560
33.908114835,3300,10088
33.828125,4110,10918
33.62777778,3796,9702
33.552083331999995,2516,6105
33.541666662,6150,13146
33.530833333000004,3151,10273
33.522214547999994,6166,9509
33.49956865,2022,12507
33.471831085999995,5068,12184
33.375,4173,8290
33.319199999999995,4130,8532
33.1983,2447,7178
33.145833332,6722,9848
33,2265,5805
32.968750004,3629,9127
32.875,2820,7316
32.801595259,6063,14359
32.775672591,4565,14500
32.609375,2646,6758
32.5733,2212,15847
32.4375,4514,7404
32.423913044,5061,9695
32.420342234,5016,8851
32.3125,2044,7846
32.291669999999996,2448,9000
32.151041667,3148,8641
32.09048853,5042,10837
32.051386957000005,2464,6738
31.98031768,3437,10439
31.961730000000003,2779,4974
31.83793333300001,2119,11643
31.791666666,3953,7855
31.772520505,3144,10886
31.666666666,6232,10886
31.580603038999996,3025,12152
31.5,5093,9012
31.375,5075,10630
31.375,4413,8024
31.338541666,4744,8735
31.25,4112,8108
31.23185,2023,10716
31.227809999999998,5047,8263
31.048025000000003,2177,15979
30.894408071999997,5065,10202
30.876381216,4750,5747
30.875,5112,19421
30.7725,2445,6466
30.749999998,6024,13347
30.731458332,2064,9523
30.724237319000004,2130,7311
30.666663332000002,2911,4466
30.565217394,3111,12347
30.560067859,4883,8428
30.50556,5076,9173
30.5,3158,6652
30.5,2327,7615
30.4375,5173,12769
30.4375,4511,9095
30.436,2085,11624
30.380200000000002,2167,9633
30.25,4807,11038
30.25,2799,4121
30.144337016999998,4865,8119
30.062360869000003,2029,9961
30.025552486000002,5012,11170
30,5291,9171
29.91848,5074,12943
29.903266665999997,2047,11950
29.898125,3922,7738
29.75,5341,7665
29.739236111,3190,10454
29.625,7316,5889
29.58936087,5084,10057
29.458333333,2621,6056
29.458333330000002,4805,10828
29.375,2134,16033
29.346258694,2222,12786
29.307291669,3756,11926
29.235333334,2133,11012
29.14235,2102,7501
29.0625,3444,9198
28.97916666,4715,7127
28.957416665,6160,8211
28.945000001,3107,13552
28.875,2358,3767
28.8182,5083,7489
28.785299996,3033,14514
28.708333332,3672,10330
28.706944444,5007,7084
28.703574999999997,2785,4543
28.625,4737,8137
28.619791661999997,6084,8240
28.618885869,5161,10154
28.5,5163,14125
28.499999998,3777,10751
28.34375,4010,2296
28.280236956,7053,3574
28.238933325,6011,9007
28.0679,4013,4568
28.0625,7007,3066
28,2762,4983
27.916666666,5037,10786
27.913242558999997,5039,8851
27.895833332,2474,6332
27.875,4660,7145
27.833326665999998,4104,6535
27.760693159,2590,7093
27.758879711,2008,11712
27.699999994,6007,7130
27.683167391,2009,12813
27.604933332,2534,5709
27.583333328000002,6208,11838
27.5,3355,13014
27.403532605000002,5064,9855
27.375,3764,9165
27.261429565,5015,5697
27.249999998,4820,10843
27.1304,5049,9764
27.125,7330,6592
27.0625,5600,6202
27.049481768,2208,12446
26.9375,3102,6635
26.916666666,3105,10873
26.8912,2335,6156
26.875,5033,8373
26.875,3730,8833
26.75,4125,7142
26.708333331,6532,6725
26.690607735,3143,9054
26.661458332,5725,3888
26.625,4860,11296
26.584944751,0872,15469
26.541666665999998,3620,8240
26.4375,4107,6290
26.4103,2045,6457
26.3858,2502,12438
26.375,7321,4672
26.364640882,4871,10978
26.2986,2197,9069
26.234375,3034,11633
26.187499998,6743,6232
26.183619829999998,4562,8035
26.142663044000003,5255,9248
26.142013888,3747,4625
26.1325,3909,7901
26.0978,4552,8432
26.070652169999995,6005,5624
26.058544685,5046,9086
26.03,5098,12321
26,6109,12122
26,3206,10359
25.902166406,4875,8101
25.8125,3465,9776
25.75,3860,7172
25.75,4563,8478
25.748770553,5153,6428
25.69750000000001,2071,13545
25.515538674,3995,10173
25.416666664,5019,9122
25.416666664,3804,8094
25.391966666000002,2192,12718
25.375,2295,6925
25.234375,2343,4968
25.16235,7173,6595
25.03125,2443,8894
24.937499996,6721,4512
24.791666671,3003,5515
24.695161891999998,4501,5658
24.374999998,6281,7203
24.370175,2062,7006
24.208333336,3636,5241
24.125,4356,5179
24.110061854,3002,4964
24.100299999999997,2258,5164
24,4751,4501
23.947916669,3660,7574
23.9375,6211,7088
23.895823572000005,6333,5845
23.75,3644,9227
23.75,2548,7734
23.6875,2143,8921
23.526236667000003,2007,8845
23.475299998999997,2110,10343
23.421875,2700,4922
23.402,2627,4622
23.27713,5035,6103
23.24325,4021,9790
23.234375,5089,6586
23.220833331999998,6154,10028
23.1875,4874,5240
22.910099635999998,4272,4612
22.891199999999998,2546,9121
22.890625,5017,5025
22.88,2292,2465
22.83424464,3094,8960
22.6875,3250,12250
22.645833332000002,4717,4749
22.6304,3027,6646
22.625,3678,6356
22.583333336,3658,6222
22.47111,5091,7505
22.39188,5110,8956
22.37013,5126,7180
22.291666666,6432,7092
22.26416,4566,8124
22.250000004,3113,8457
22.13165,2082,5397
22.125,5090,7887
22.068283332,4553,5891
22.0625,7019,6107
22.057291666,2671,4112
22,4487,3098
21.88545,2642,4793
21.884510868,4036,6502
21.850066666000004,3126,8056
21.75,5013,9985
21.708333330000002,6180,5408
21.6875,3377,9416
21.651694234999997,5252,6516
21.5,5501,7323
21.499999998,6012,8757
21.493055548999997,6158,7376
21.453125,4881,4496
21.44528889,2025,7405
21.410572173,2601,6363
21.403056667,5052,6369
21.375,3019,9195
21.3192,2535,7338
21.307844901,2835,4173
21.230404005,7172,3650
21.125,4816,9270
21.125,4671,6061
21.08053,2136,7364
21.0475,2506,7605
20.958333336000003,3757,8959
20.9375,5271,7428
20.9375,4119,6341
20.900207182,2365,3721
20.8233,2776,4025
20.791666666,7322,3903
20.791666663999997,5152,6132
20.75,6401,8176
20.75,2293,2521
20.708333332000002,4172,4303
20.6875,2307,3905
20.645833336,3167,9261
20.645833330000002,7300,3423
20.583333332000002,4401,5719
20.4375,3442,7463
20.4167,2316,5849
20.391199999999998,2574,5741
20.375,5333,5809
20.375,4519,8426
20.334866667,2061,5943
20.294889503,4741,7079
20.291666665999998,6174,3785
20.25,2505,5014
20.23031768,4184,6906
20.217152474000002,2092,7139
20.1875,4129,6303
20.1875,3052,5694
20.125,3807,7097
20.109375,5351,5864
20.0625,7171,3283
20.0061,2317,6244
19.985054347000002,5355,7594
19.875,3179,6022
19.875,3087,9031
19.875,4710,4846
19.78125,2666,5673
19.75,3782,7827
19.6929,2225,5407
19.6875,4615,7052
19.6466,2441,4345
19.625,5280,7370
19.625,4555,6925
19.625,0880,5214
19.596467391,7112,3066
19.59375,6258,6568
19.578125,2198,9038
19.5625,2866,3093
19.40625,7306,3956
19.34375,2754,5693
19.331490000000002,7150,2837
19.309782608,5050,5602
19.291666666,6751,4927
19.25,2479,4730
19.25,4340,5451
19.1875,2431,5133
19.171961326,2455,3000
19.125,7021,2411
19.070383425,2372,4742
19.0077,2072,7668
19,7304,5939
19,4561,7212
18.96875,2651,2274
18.958858396,3351,8168
18.902472527,2294,1929
18.5972,3799,5798
18.583333334,4873,6458
18.538043478,4022,7165
18.5,2573,5067
18.429000000000002,2094,5840
18.421875,2652,4583
18.4028,3765,6761
18.385416664,6225,9105
18.3125,4153,4374
18.312499998,2877,3883
18.25,2488,3261
18.25,4753,4282
18.234375,2352,2716
18.083333336,3496,6224
18.021216666999997,3434,5069
18,3331,5997
17.9836,7253,4925
17.875,5214,8397
17.875,3662,1078
17.859375,2787,4448
17.849025,2296,1883
17.845277776,3880,4032
17.798773913,2783,2614
17.73278985,6017,4120
17.609984783,5171,5923
17.516199999999998,2159,4975
17.5,4076,8107
17.479233333000003,4310,5752
17.458333332,4730,3230
17.4375,2354,3576
17.41375,3981,4898
17.390624996,2357,4159
17.375,2663,5186
17.3125,4228,5297
17.258152174,5453,4938
17.1466,5168,5499
17.125,3915,9960
16.87075,2081,5369
16.668508287,3685,2722
16.625,5155,3824
16.517702771,3099,4878
16.5,4470,3574
16.4375,2829,3102
16.388586957,7301,4304
16.375,2821,4810
16.354166667,3189,5895
16.325899999999997,2163,9590
16.3233,3223,7397
16.266199999999998,2572,4477
16.25,7020,2472
16.25,3380,6032
16.203699999999998,2778,2432
16.140625,2579,4029
16.125,4344,2622
16,6081,4756
16,2453,2768
15.937499998,0853,857
15.86878453,2116,6642
15.78125,7270,4087
15.773968837999998,6070,3656
15.75,4358,2264
15.749999996,6239,4408
15.708333337,3049,9262
15.7025,3177,11306
15.646739129,7215,3381
15.6358,2752,4918
15.625,5025,8256
15.59375,3154,4419
15.577898548,6071,3400
15.5054,2172,2781
15.3751,3722,5018
15.375,3971,4018
15.374999998,4721,3717
15.332880435,6753,7238
15.288043478,2319,6684
15.25,2583,4382
15.25,4877,5141
15.179199994,6003,3509
15.1304,4559,6321
15.0625,4521,4730
15.026300643999999,5165,5383
14.947513812,2469,4012
14.9375,5250,3523
14.921875004,3950,4800
14.90625,5352,5216
14.875,2713,2797
14.874999998,6312,4884
14.83563,2549,3785
14.78941,2063,6347
14.757594972,5167,5705
14.75,2423,2964
14.75,3842,4783
14.683423913,3918,3705
14.625,3888,3426
14.593750004,3737,4303
14.5,2798,2101
14.49999999,6726,5436
14.4375,3200,5762
14.375,2473,3088
14.375,4400,1884
14.25,4355,2678
14.168508287,3666,4698
14.16583,3498,5325
14.125,3227,4819
14.0216,2174,2267
14.0054,7303,2712
14,4516,3963
14,2731,6410
13.953125,3984,5209
13.9375,5009,5030
13.901700997,4550,4257
13.875,3980,3350
13.875,2286,3909
13.8125,3260,4766
13.792119565,7275,3138
13.75,2346,3149
13.6875,5680,2117
13.6875,0860,2991
13.65863,5343,4846
13.645833333,3180,7462
13.625,2388,2674
13.573050000000002,2653,2537
13.541666664000001,6255,3916
13.52083333,4415,1988
13.5,3225,4058
13.4375,2427,3114
13.402166666000001,2845,1980
13.375,4711,1851
13.375,2422,5338
13.3714,7252,2783
13.369791666000001,6082,3221
13.3341,2701,2388
13.25,3996,5538
13.25,2472,1857
13.125,3816,2721
13.046270718,5172,3932
13.03125,2840,2695
13,5244,4263
13,6728,5946
12.952083332,2831,1919
12.930706525000002,3451,5656
12.916666666,3741,3100
12.875,4895,4453
12.833333332,6220,4675
12.75,5010,5853
12.75,5554,5233
12.75,2326,7332
12.75,5690,3656
12.703125,2551,3501
12.645833332,6284,2249
12.625,3114,3822
12.625,5353,3775
12.5,3940,4930
12.5,5277,2914
12.48720437,3036,5925
12.486763351,4885,3803
12.4375,7025,1697
12.427083332999999,4572,3958
12.3858,4158,3761
12.375,5373,3427
12.375,4106,1595
12.375,5609,1950
12.374999998,6015,6609
12.328125,2334,2830
12.25,4205,5385
12.25,4518,5065
12.244400072,2028,4642
12.165262514,5018,5567
12.125,6415,3003
12.116847826,6083,3512
12,4275,3434
11.979166664,6022,4982
11.875,5523,1935
11.875,3284,3439
11.875,6525,3569
11.6875,3862,3156
11.6875,3815,3022
11.5,4354,1199
11.5,4605,4843
11.474983332999999,2027,8195
11.444751381,5021,5787
11.4375,4882,2718
11.432398307,3431,3947
11.375,3427,2763
11.375,4303,3946
11.375,3714,3509
11.328125,3775,3861
11.25,3925,3384
11.25,2214,3952
11.25,4824,2769
11.25,3401,4421
11.25,5558,4830
11.145833331999999,2179,6530
11.125,3616,5357
11.0625,3093,3891
11.0625,2644,2403
11.062499998,4156,3146
11.041666665000001,6701,5544
11,4287,824
11,4512,3442
11,3608,2418
10.963888887,2449,2188
10.8966,2157,3741
10.883152174,6442,2542
10.874999998,6720,2528
10.8125,3824,5004
10.750000004,3438,2387
10.625000003,3797,3476
10.625,3781,4477
10.625,4313,2323
10.5625,2900,1930
10.5054,2104,3620
10.5054,4714,2941
10.499999998,6175,3752
10.421875,5268,3544
10.39775,2825,2383
10.395833336,3501,1941
10.374999998,6302,3623
10.364583332999999,6073,3041
10.3202,2084,3625
10.270833332999999,2191,6322
10.25,4677,3549
10.25,2421,1828
10.21875,5245,3084
10.210597826,4357,2582
10.16666666,6034,1680
10.163734086,3357,3714
10.125,2080,1708
10.125,2827,3691
10.0625,2810,3150
9.989583332,6271,3314
9.908459082,3460,2567
9.875,2586,2619
9.875,3561,4436
9.875,3814,2255
9.875,7212,1931
9.875,4872,3902
9.828225,2804,2668
9.7608,2852,3543
9.75,4659,4794
9.75,3272,1539
9.75,4568,3554
9.713915746,0839,548
9.6875,3783,2350
9.683206221999999,5088,3296
9.6439,2297,1680
9.625,3871,2902
9.625,3328,1721
9.625,4725,1539
9.5625,4888,3097
9.5,2471,2524
9.49863,2420,4023
9.480662983,5157,2914
9.4375,3749,1888
9.421875,5120,1977
9.416699999999999,3342,3441
9.375,2178,4230
9.375,5117,2923
9.3179,2578,2689
9.3125,3579,5365
9.307184662000001,3159,2648
9.28645833,4852,3686
9.25,0852,8299
9.1875,2824,2183
9.0625,3505,4832
9.0625,7116,2253
9.0625,7216,3356
9.032399999999999,2128,4166
9,3956,2821
9,2581,2095
9,3115,3796
9,5710,2673
8.9375,3926,3242
8.915283149,2267,2759
8.90625,2784,1230
8.875,5174,2917
8.875,4745,2991
8.874999999,2711,3360
8.853713767,6566,3275
8.829166665999999,3230,2545
8.81875,3793,3577
8.7917,3461,4149
8.791666666,6317,4183
8.75,2729,1696
8.75,4270,3950
8.75,3463,2451
8.75,2278,2570
8.75,3938,2823
8.7253,2832,2568
8.666699999999999,3213,4033
8.625,3919,3183
8.625,7022,880
8.5625,4806,3874
8.541666666000001,6159,3340
8.520833331999999,3821,2917
8.5,2336,2614
8.5,3913,3338
8.5,5607,4919
8.5,3675,1805
8.5,4854,5481
8.5,3788,1738
8.5,4465,1230
8.458333329999999,6125,3135
8.4375,2439,2941
8.40625,2647,2161
8.375,4342,2618
8.375,2328,2442
8.375,3249,3199
8.375,0834,1836
8.354166669,3515,1944
8.3125,7016,2872
8.3125,5020,3112
8.250000004,3335,5856
8.25,2404,1838
8.25,7290,2275
8.25,3418,2772
8.25,6510,1976
8.15625,5330,3368
8.140625,2722,3207
8.125,3823,1838
8.125,0828,1201
8.125,3885,1871
8.125,2462,2443
8.124999998,6556,2034
8.065885479,4515,4064
8,5556,4039
8,3281,1699
8,3568,2945
8,7190,3110
7.9375,7268,1036
7.875,3753,2330
7.75,2622,3922
7.75,7260,3218
7.625,5241,2527
7.625,3282,2362
7.625,3791,1437
7.625,6535,1596
7.621023913,3096,1961
7.5625,2681,1732
7.5,4174,2385
7.5,5223,3642
7.5,4625,2760
7.5,5345,3582
7.375,4580,4879
7.375,5238,4084
7.375,0885,873
7.375,3766,1239
7.3125,4884,1870
7.291208791,3363,3479
7.25,3090,2364
7.2083333320000005,5164,5289
7.125,3911,3414
7.125,4361,2653
7.125,0854,871
7.125,2306,3358
7.125,3373,2292
7.125,3758,2181
7.124999998,2402,1792
7.0625,3061,5056
7,3723,3005
7,4312,2672
7,2665,2226
7,7467,1790
7,4819,2335
7,4309,3006
7,3345,1151
6.9375,3960,2474
6.9375,7001,0
6.9375,7120,1826
6.90625,2786,1288
6.875,2834,2340
6.875,4606,2446
6.875,3304,2725
6.875,4421,2483
6.875,5575,2332
6.875,2083,1519
6.811111111,3435,2879
6.75,5235,2475
6.75,2847,2424
6.75,4486,703
6.747282609,4892,5614
6.722375691,6395,1649
6.625,3683,1757
6.625,3851,5687
6.625,4722,1816
6.625,5723,2059
6.625,2628,1912
6.625,2231,2267
6.625,4674,1451
6.625,6215,4148
6.597450756000001,3321,1518
6.5626,2712,1356
6.5054,2425,1780
6.5,2329,2112
6.5,3933,1098
6.5,4472,1426
6.5,4359,1243
6.5,4406,1467
6.5,2382,1319
6.455585748,3240,2021
6.4536999999999995,2538,2397
6.416666666,2338,1430
6.375,6121,2963
6.375,5631,1046
6.375,3847,2191
6.296875,3266,3067
6.278314916999999,4754,2246
6.25,4111,1183
6.25,4718,2375
6.25,3441,1335
6.1671270719999995,3221,749
6.125,3242,828
6.125,4117,1365
6.125,2476,778
6.125,3808,3033
6.0108,2105,1848
6,4307,1555
6,3869,1626
6,2344,756
6,6324,3519
6,3942,2313
6,2406,823
6,2587,2917
5.984375,2843,1290
5.9375,6603,1111
5.9375,3831,1702
5.9375,3812,2312
5.875,5555,502
5.8125,3311,1696
5.8125,7113,1094
5.79167,3315,1624
5.791666666,6037,2990
5.75,2396,857
5.75,3265,2621
5.75,5154,3361
5.75,2302,564
5.75,3878,1094
5.70833333,6335,775
5.6875,7302,1668
5.6667000000000005,5040,2504
5.625,2823,1425
5.625,2643,2777
5.625,2545,1044
5.625,4346,873
5.625,5212,2102
5.625,2371,1155
5.5625,4887,2038
5.559782608,2359,736
5.52589779,7305,1170
5.5,4347,1192
5.5,3364,2149
5.5,3988,999
5.5,3091,1588
5.5,2714,2769
5.5,4876,2827
5.5,7262,1707
5.5,2869,1449
5.4375,3523,3620
5.40625,6237,2482
5.37705681,3699,1124
5.375,3621,2368
5.375,6716,751
5.375,2748,1877
5.375,4614,1182
5.375,2618,1445
5.375,4362,2462
5.3125,7162,594
5.3125,4569,1624
5.25,3763,1536
5.25,2556,2507
5.25,5276,1181
5.25,2732,1776
5.25,5417,1486
5.25,3584,1138
5.190802906,3458,1945
5.125,7258,962
5.125,2658,1433
5.125,3390,910
5.125,5670,482
5.125,3937,1524
5.125,4271,2888
5.125,4183,2102
5.125,6770,2904
5.125,4385,1222
5.125,2867,602
5.125,6176,1371
5.0625,3285,1207
5.0625,3698,862
5.033333332,3232,1114
5,2702,779
5,6754,1380
5,0837,412
5,3767,1251
5,4630,2401
5,6074,991
5,2715,1477
4.908839778,2351,976
4.875,3202,2907
4.875,3927,1667
4.875,6765,1757
4.851519337,4735,967
4.791666665999999,6516,1761
4.78533,5433,1256
4.75,3717,2650
4.75,6236,2052
4.75,7256,1585
4.708333337,3664,1070
4.6875,3920,1040
4.6875,3688,1236
4.6875,3022,3103
4.682065216,3701,1078
4.6358,4490,1422
4.625,2632,1834
4.625,2818,871
4.625,3341,1663
4.625,5605,1690
4.625,6713,1104
4.590469613,6707,2713
4.5625,5254,2387
4.5625,7055,428
4.5,2849,1546
4.5,6308,1593
4.5,2626,500
4.5,3301,1211
4.5,3856,989
4.5,3740,1072
4.495040884,7255,833
4.492753623,4746,1935
4.4375,4574,1298
4.4375,2660,1610
4.4375,4554,1947
4.421875,2706,1162
4.390625,2669,1654
4.375,6323,989
4.375,6740,1289
4.375,2833,650
4.375,3370,1783
4.375,7024,526
4.375,4360,592
4.375,6558,2642
4.375,4363,599
4.375,5242,1621
4.375,2875,973
4.375,4627,877
4.374999998,6078,934
4.35417,3904,1449
4.340566666,6029,2794
4.328125,4600,893
4.3125,7026,934
4.28665,2675,1562
4.25,2865,865
4.25,5264,1250
4.25,3283,1361
4.25,3241,2566
4.25,5434,456
4.25,4382,517
4.25,2345,721
4.25,5234,1298
4.25,0838,818
4.25,4621,1783
4.25,2672,1576
4.25,3480,1856
4.25,4808,1113
4.249999999,6207,1047
4.140625,2806,779
4.125000004,2717,1330
4.125,4601,1167
4.125,5111,272
4.125,3610,1712
4.125,3268,2607
4.125,3992,967
4.125,2353,1126
4.125,6041,1514
4.125,3231,1256
4.125,5201,1944
4.09375,3211,1322
4.041666665999999,5491,1816
4,2339,679
4,3393,2685
4,6304,1724
4,6537,910
4,6290,1680
4,4581,1525
4,0886,1081
4,3633,605
3.959,6124,1192
3.94,2844,1437
3.9375,4480,751
3.9167,5372,2214
3.875,5210,1718
3.875,2828,831
3.875,3440,2040
3.875,5137,579
3.875,4804,1730
3.875,3409,932
3.875,3580,991
3.875,6353,785
3.875,5213,1156
3.875,3858,3025
3.875,3669,1337
3.875,3987,1527
3.875,5121,1673
3.750000004,3761,1226
3.75,3646,584
3.75,7469,768
3.75,3787,1062
3.75,2738,1667
3.75,2381,1193
3.75,3478,2456
3.75,2311,858
3.6875,2409,1030
3.6875,2609,887
3.6666666660000002,6322,224
3.65625,3700,1318
3.625,4738,1180
3.625,6390,1811
3.625,6226,845
3.625,5275,2412
3.625,3333,825
3.625,2426,720
3.625,4416,498
3.625,4724,579
3.625,3238,218
3.625,2568,1150
3.625,5431,906
3.625,4377,538
3.625,3277,1926
3.625,3870,1271
3.625,3929,905
3.625,4417,669
3.625,3634,1799
3.625,4858,1487
3.625,5502,1540
3.624999999,6209,1954
3.578125,3637,594
3.501381215,2341,1572
3.5,2648,2369
3.5,3294,959
3.5,7291,559
3.5,4383,619
3.5,5342,1124
3.5,5204,2824
3.5,2836,891
3.46875,2655,1336
3.4375,2661,633
3.375000004,3563,808
3.375,2386,360
3.375,7155,803
3.375,3822,985
3.375,2623,610
3.375,5142,575
3.375,4798,688
3.375,4155,1442
3.375,2361,909
3.375,2775,1498
3.375,3332,1014
3.3125,3640,996
3.3125,2175,1837
3.250000004,3097,1443
3.25,5140,421
3.25,6710,4002
3.25,2707,1348
3.25,4496,266
3.25,4373,1032
3.25,5461,2553
3.25,2842,630
3.25,5272,794
3.25,3854,1397
3.25,3490,1293
3.25,3318,1267
3.249999998,6560,1352
3.1875,0875,2371
3.169444444,3567,655
3.1412,2559,3069
3.127071823,5340,1432
3.125,4823,925
3.125,3786,1518
3.125,3483,889
3.125,5602,1341
3.125,6609,822
3.125,5460,746
3.125,6224,1151
3.125,4230,1674
3.125,6623,674
3.125,3673,1732
3.125,6315,1988
3.125,3898,790
3.125,3682,613
3.125,2631,570
3.1070779760000002,5265,431
3.0625,7117,854
3.0416666660000002,4420,1178
3,3707,1836
3,3614,882
3,3264,2288
3,6642,1067
3,5156,951
3,2803,281
3,2312,1458
3,7470,708
3,2656,1272
3,4678,856
3,4381,594
3,3770,3218
2.95,6519,594
2.9450000000000003,3795,1246
2.875,2848,1645
2.875,3518,1306
2.875,5415,222
2.875,2730,1391
2.875,3414,1826
2.875,6227,800
2.875,4861,1453
2.875,6501,968
2.875,4454,706
2.875,4517,763
2.875,4809,1001
2.875,3371,992
2.875,5267,1959
2.8472,5573,2041
2.7917,2569,1362
2.760359116,6253,618
2.7554,2379,313
2.75,4419,944
2.75,6282,1330
2.75,3557,785
2.75,6562,1257
2.75,3588,356
2.75,5231,1227
2.75,3903,751
2.75,4477,468
2.75,3314,525
2.75,6309,275
2.75,3641,1238
2.75,6288,555
2.75,3916,955
2.75,7331,553
2.75,5422,1686
2.75,3759,1062
2.75,4673,652
2.75,3233,2030
2.6875,5401,847
2.683011049,3792,1065
2.625,7267,768
2.625,3892,1063
2.625,4743,620
2.625,3813,886
2.625,6798,1843
2.625,0845,507
2.625,6123,1551
2.625,2475,383
2.625,3462,1173
2.625,2355,663
2.625,2347,1931
2.625,4371,708
2.625,4404,539
2.625,0873,2436
2.625,7023,329
2.625,3448,876
2.625,0874,553
2.589673913,2839,1338
2.5834,3537,1043
2.583333332,4719,1007
2.5625,7175,199
2.5625,4855,766
2.5625,4709,1129
2.562499998,6346,738
2.5,6426,846
2.5,6260,1431
2.5,5522,1421
2.5,4859,463
2.5,2466,1730
2.5,3446,1025
2.5,5412,1207
2.5,7276,567
2.5,3312,1031
2.5,7264,643
2.5,6383,981
2.5,3276,482
2.5,2415,390
2.5,2805,399
2.5,3612,1709
2.5,5452,442
2.5,3381,1212
2.5,4410,1122
2.4375,3882,1095
2.375,5371,1268
2.375,2899,1748
2.375,5243,832
2.375,6218,395
2.375,4821,1320
2.375,2401,321
2.375,5256,1355
2.375,3623,899
2.375,4822,791
2.375,6646,742
2.375,2490,666
2.375,3713,1024
2.375,6275,1347
2.375,3289,756
2.375,6409,402
2.333333332,3705,261
2.296195651,4803,1867
2.2917,3424,769
2.2917,5360,1118
2.2607999999999997,2757,852
2.25,4375,211
2.25,6429,992
2.25,5262,412
2.25,0841,696
2.25,3594,530
2.25,2898,382
2.25,4403,811
2.25,5260,1755
2.25,3857,364
2.25,3453,1723
2.25,3873,321
2.25,4849,1372
2.25,6437,584
2.25,6536,1557
2.25,2387,201
2.228688746,3254,310
2.21875,4498,217
2.1875,7012,838
2.1875,4608,909
2.125,2629,529
2.125,5576,1070
2.125,5583,785
2.125,7178,309
2.125,3388,561
2.125,3966,511
2.125,4497,327
2.125,5166,1879
2.125,6181,485
2.125,7292,606
2.125,4387,1280
2.125,7210,1040
2.125,3533,778
2.125,6407,1138
2.125,7214,611
2.125,4890,1282
2.125,4353,294
2.125,6718,1010
2.125,4626,2208
2.125,3735,602
2.124999999,6350,302
2.124999999,6072,900
2.083333336,3726,401
2.041666664,4695,1121
2,0815,292
2,3687,1098
2,6431,1012
2,5550,916
2,2405,514
2,2864,804
2,5464,634
2,5480,773
2,5413,831
2,3638,2074
2,4422,482
2,6410,1051
2,6502,1183
2,6518,209
2,5133,390
2,5302,852
2,6213,717
2,6391,1001
2,4662,791
2,2678,340
2,4423,200
2,2625,389
2,4727,259
2,2876,421
2,5734,167
1.9590999999999998,7177,406
1.958333331,6077,1428
1.942867224,6438,831
1.875,4731,218
1.875,2424,425
1.875,3392,580
1.875,3962,914
1.875,3374,400
1.875,3576,74
1.875,5582,648
1.875,6321,496
1.875,3725,629
1.875,3720,570
1.875,2668,459
1.875,3591,159
1.875,5222,629
1.875,2739,1401
1.875,5270,608
1.875,3738,219
1.875,6638,482
1.874999999,6477,273
1.8125,2659,893
1.75,4571,809
1.75,3746,385
1.75,3464,1115
1.75,5138,294
1.75,2408,376
1.75,3695,471
1.75,3639,526
1.75,5266,624
1.75,5652,728
1.75,5203,1268
1.75,2314,203
1.75,2822,410
1.75,6337,546
1.75,3549,3522
1.75,2703,984
1.75,4408,631
1.75,3379,803
1.749999999,6033,442
1.708333332,6032,195
1.6875,5485,581
1.6875,3467,1193
1.625,4699,455
1.625,2868,652
1.625,6306,1025
1.625,4736,106
1.625,3739,212
1.625,5094,900
1.625,6286,603
1.625,3509,233
1.625,5482,516
1.625,4756,609
1.625,3360,765
1.625,3387,312
1.625,5400,877
1.625,5170,1152
1.625,3943,1592
1.625,5141,681
1.625,7163,330
1.625,2873,561
1.625,2395,671
1.625,5601,469
1.625,3778,205
1.625,6448,449
1.625,4726,411
1.625,3800,2211
1.625,2563,307
1.625,5411,324
1.625,2410,278
1.625,3428,675
1.625,3525,1301
1.5,4694,189
1.5,6564,310
1.5,3269,730
1.5,3086,910
1.5,2403,718
1.5,5311,418
1.5,3694,90
1.5,2878,372
1.5,3293,301
1.5,4365,508
1.5,2108,1673
1.5,4713,962
1.5,2807,427
1.5,4412,192
1.5,3659,736
1.5,4478,476
1.5,6367,354
1.5,4407,526
1.5,3589,352
1.5,6503,2177
1.5,3732,588
1.5,4716,887
1.375,3789,265
1.375,7027,294
1.375,4620,400
1.375,3859,834
1.375,5233,1474
1.375,6369,671
1.375,5419,223
1.375,5640,1017
1.375,6515,284
1.375,3270,247
1.375,2584,543
1.375,6479,548
1.375,2797,426
1.375,3959,1151
1.375,3275,425
1.375,5641,1023
1.375,4799,1058
1.375,6214,613
1.375,2755,261
1.375,3544,250
1.375,4378,511
1.375,5671,163
1.375,2399,597
1.375,3267,248
1.328125,6221,425
1.3125,2308,1326
1.25,2342,471
1.25,4705,354
1.25,3243,358
1.25,7176,164
1.25,6514,648
1.25,3928,416
1.25,6341,296
1.25,7184,798
1.25,6311,589
1.25,3361,680
1.25,4829,465
1.25,5724,433
1.25,6620,498
1.25,3595,663
1.25,4886,846
1.25,2645,402
1.25,3329,285
1.25,0829,1839
1.25,3744,453
1.25,3951,1003
1.25,6447,183
1.25,7263,594
1.25,6460,752
1.25,3334,565
1.25,6630,622
1.25,5633,321
1.25,3407,420
1.25,5733,229
1.208333332,6320,618
1.184392265,3324,529
1.1675,3274,246
1.125,4712,278
1.125,5454,398
1.125,6044,1233
1.125,3521,660
1.125,4801,264
1.125,4222,0
1.125,3385,517
1.125,3546,402
1.125,5483,347
1.125,5144,414
1.125,6488,193
1.125,6338,676
1.125,6569,272
1.125,5381,384
1.125,5632,250
1.125,3447,448
1.125,4425,219
1.125,5374,1480
1.125,3413,215
1.125,2874,424
1.125,5344,984
1.0966850830000001,5473,755
1.0625,5451,695
1.041666666,6244,1457
1,2879,638
1,3235,381
1,6365,531
1,3419,803
1,4424,238
1,3575,811
1,4009,0
1,6511,527
1,4072,2152
1,2733,545
1,5320,652
1,3540,291
1,5151,369
1,4428,666
1,6799,544
1,5259,1110
1,2633,379
1,6507,536
1,3287,433
1,3670,572
1,3874,558
1,3586,829
1,5261,368
1,3412,299
1,3760,369
1,3558,913
1,6490,257
1,3719,367
1,6256,381
1,5232,421
1,3833,307
1,5490,172
1,3712,353
1,3234,181
1,3562,279
0.999999999,6254,502
0.958333332,6262,744
0.9375,6475,399
0.875,6468,250
0.875,6428,54
0.875,3384,547
0.875,2808,182
0.875,5202,868
0.875,2809,240
0.875,0846,353
0.875,5421,139
0.875,6318,525
0.875,3649,434
0.875,4856,706
0.875,2838,247
0.875,7187,134
0.875,6348,871
0.875,5603,446
0.875,3665,359
0.875,3530,126
0.875,3991,359
0.875,6161,334
0.875,2792,384
0.875,3607,131
0.83602053,3396,739
0.8333333359999999,3517,1421
0.8125,5304,770
0.8125,2727,350
0.791666666,6635,344
0.791666666,6398,546
0.75,4707,245
0.75,6327,273
0.75,2721,240
0.75,5139,236
0.75,6316,344
0.75,3618,679
0.75,5654,241
0.75,4492,306
0.75,6521,352
0.75,6126,626
0.75,3310,276
0.75,4025,368
0.75,3864,217
0.75,5236,302
0.75,5354,367
0.75,4372,161
0.75,3967,125
0.75,2465,291
0.75,5301,574
0.75,3832,247
0.75,3507,158
0.75,3395,364
0.75,5661,146
0.75,2588,260
0.75,3597,415
0.75,3026,73
0.75,6359,437
0.75,3516,694
0.75,3835,471
0.75,5731,499
0.75,5350,476
0.75,6328,427
0.75,3624,561
0.75,4418,109
0.75,3292,190
0.75,5580,346
0.75,4723,1424
0.75,2826,201
0.708333332,6352,187
0.6875,5472,168
0.6875,2716,1102
0.625,2585,224
0.625,3895,193
0.625,3566,551
0.625,3697,574
0.625,2369,927
0.625,7209,401
0.625,6513,218
0.625,3477,829
0.625,5416,248
0.625,5136,532
0.625,2356,162
0.625,5131,980
0.625,4374,355
0.625,3494,663
0.625,0847,328
0.625,3728,636
0.625,5481,562
0.625,4008,368
0.625,5462,518
0.625,3886,389
0.625,6418,703
0.625,3990,106
0.5625,3559,542
0.5625,7174,183
0.5,6461,533
0.5,0862,765
0.5,7186,171
0.5,6375,1001
0.5,6470,18
0.5,4742,1140
0.5,7254,487
0.5,5471,88
0.5,5322,1000
0.5,5418,114
0.5,2737,839
0.5,2398,236
0.5,3317,200
0.5,6396,367
0.5,3902,408
0.5,4029,81
0.5,6568,226
0.5,3472,1480
0.5,7468,708
0.5,3378,146
0.5,6243,56
0.5,5630,136
0.5,6640,196
0.5,5269,258
0.5,3251,522
0.5,3330,217
0.5,6612,224
0.5,6106,19
0.5,4426,124
0.5,5440,263
0.5,4345,328
0.5,3573,333
0.5,4427,351
0.5,3635,537
0.5,3890,324
0.5,5307,573
0.5,6414,64
0.5,5642,251
0.5,6067,36
0.5,7182,264
0.5,6440,1153
0.5,3485,302
0.5,5950,0
0.5,2793,976
0.5,3430,320
0.5,3236,230
0.5,3475,345
0.5,7183,45
0.5,5134,431
0.5,5273,111
0.5,7185,99
0.5,6504,157
0.375,2726,222
0.375,6443,854
0.375,4757,347
0.375,6445,203
0.375,6373,94
0.375,2331,319
0.375,5722,316
0.375,2052,3425
0.375,3957,281
0.375,4891,531
0.375,2411,120
0.375,2397,377
0.375,3954,404
0.375,4388,416
0.375,3062,0
0.375,3958,272
0.375,6421,157
0.375,6392,463
0.375,3271,196
0.375,3570,753
0.375,7179,385
0.375,4704,132
0.375,7265,228
0.375,5510,113
0.375,5571,1850
0.375,3945,978
0.375,5160,29
0.375,3239,424
0.375,3709,290
0.375,3965,209
0.375,2791,343
0.375,5303,211
0.375,3273,143
0.375,3302,371
0.375,6705,278
0.375,2736,377
0.375,3432,197
0.333333332,6068,7
0.3125,5560,471
0.3125,3325,479
0.25,3944,510
0.25,6229,193
0.25,6223,217
0.25,3319,344
0.25,0840,363
0.25,6616,56
0.25,6336,330
0.25,4830,1714
0.25,4488,250
0.25,5410,317
0.25,3865,449
0.25,5279,527
0.25,6528,405
0.25,7180,156
0.25,5106,201
0.25,6228,176
0.25,6165,84
0.25,6606,168
0.25,5660,45
0.25,3279,290
0.25,6422,52
0.25,4468,255
0.25,5220,149
0.25,4697,146
0.25,6425,85
0.25,5309,157
0.25,3303,336
0.25,3512,371
0.25,5570,544
0.25,5577,528
0.25,5470,140
0.25,3050,117
0.25,6758,1701
0.25,2522,300
0.25,6466,67
0.25,6522,455
0.25,6313,294
0.25,3711,492
0.25,3391,171
0.25,3779,394
0.25,4467,197
0.25,3433,218
0.25,3571,318
0.25,3727,309
0.125,2734,456
0.125,6326,492
0.125,6370,458
0.125,3590,336
0.125,6485,498
0.125,4828,208
0.125,6760,634
0.125,5495,595
0.125,3715,307
0.125,5263,137
0.125,3852,93
0.125,2725,374
0.125,7213,298
0.125,3572,151
0.125,4481,121
0.125,6405,319
0.125,3522,339
0.125,3527,785
0.125,2123,0
0.125,5237,357
0.125,5455,58
0.125,7119,41
0.125,3733,215
0.125,2817,287
0.125,5581,542
0.125,3005,525
0.125,5278,521
0.125,6505,114
0.125,3622,457
0.125,4364,217
0.125,3322,175
0.125,6512,97
0.09375,3708,60
